hotel_name,location,price,rating,score,review,link
"Treebo Windsong Resort Munnar, Tea Plantation View",Munnar,"₹ 1,794",Good ,7.7,47 reviews,https://www.booking.com/hotel/in/wind-song-munnar.html?label=gen173nr-1FCAEoggI46AdIM1gEaGyIAQGYATG4ARfIAQzYAQHoAQH4AQKIAgGoAgO4Av7PtcIGwAIB0gIkNGJhYTRjMjAtYjBmOS00NGY5LTk4MzUtNGJmNDM4N2ZhZTcz2AIF4AIB&sid=c6875ebb136d9b44a015abaafe60323b&aid=304142&ucfs=1&arphpl=1&checkin=2025-07-01&checkout=2025-07-02&dest_id=-2105113&dest_type=city&group_adults=2&req_adults=2&no_rooms=1&group_children=0&req_children=0&hpos=1&hapos=1&sr_order=popularity&srpvid=df5e4e1342a11996&srepoch=1749985576&all_sr_blocks=991579603_400593152_2_0_0&highlighted_blocks=991579603_400593152_2_0_0&matching_block_id=991579603_400593152_2_0_0&sr_pri_blocks=991579603_400593152_2_0_0__179440&from=searchresults
Kurinji Wanderlust Resort Munnar,Munnar,"₹ 1,709",Very Good ,8.4,788 reviews,https://www.booking.com/hotel/in/treebo-kurinji-wanderlust-munnar.html?label=gen173nr-1FCAEoggI46AdIM1gEaGyIAQGYATG4ARfIAQzYAQHoAQH4AQKIAgGoAgO4Av7PtcIGwAIB0gIkNGJhYTRjMjAtYjBmOS00NGY5LTk4MzUtNGJmNDM4N2ZhZTcz2AIF4AIB&sid=c6875ebb136d9b44a015abaafe60323b&aid=304142&ucfs=1&arphpl=1&checkin=2025-07-01&checkout=2025-07-02&dest_id=-2105113&dest_type=city&group_adults=2&req_adults=2&no_rooms=1&group_children=0&req_children=0&hpos=2&hapos=2&sr_order=popularity&srpvid=df5e4e1342a11996&srepoch=1749985576&all_sr_blocks=273915303_404630561_2_2_0_595043&highlighted_blocks=273915303_404630561_2_2_0_595043&matching_block_id=273915303_404630561_2_2_0_595043&sr_pri_blocks=273915303_404630561_2_2_0_595043_170910&from=searchresults
K Mansion,Munnar,"₹ 3,500",Wonderful ,9.3,746 reviews,https://www.booking.com/hotel/in/k-mansion.html?label=gen173nr-1FCAEoggI46AdIM1gEaGyIAQGYATG4ARfIAQzYAQHoAQH4AQKIAgGoAgO4Av7PtcIGwAIB0gIkNGJhYTRjMjAtYjBmOS00NGY5LTk4MzUtNGJmNDM4N2ZhZTcz2AIF4AIB&sid=c6875ebb136d9b44a015abaafe60323b&aid=304142&ucfs=1&arphpl=1&checkin=2025-07-01&checkout=2025-07-02&dest_id=-2105113&dest_type=city&group_adults=2&req_adults=2&no_rooms=1&group_children=0&req_children=0&hpos=3&hapos=3&sr_order=popularity&srpvid=df5e4e1342a11996&srepoch=1749985576&all_sr_blocks=819034102_352205563_2_1_0_627512&highlighted_blocks=819034102_352205563_2_1_0_627512&matching_block_id=819034102_352205563_2_1_0_627512&sr_pri_blocks=819034102_352205563_2_1_0_627512_350000&from=searchresults
Ice Mist Pool Resort Munnar By VOYE HOMES,Munnar,"₹ 2,723",Good ,7.4,46 reviews,https://www.booking.com/hotel/in/ice-mist-munnar-by-voye-homes.html?label=gen173nr-1FCAEoggI46AdIM1gEaGyIAQGYATG4ARfIAQzYAQHoAQH4AQKIAgGoAgO4Av7PtcIGwAIB0gIkNGJhYTRjMjAtYjBmOS00NGY5LTk4MzUtNGJmNDM4N2ZhZTcz2AIF4AIB&sid=c6875ebb136d9b44a015abaafe60323b&aid=304142&ucfs=1&arphpl=1&checkin=2025-07-01&checkout=2025-07-02&dest_id=-2105113&dest_type=city&group_adults=2&req_adults=2&no_rooms=1&group_children=0&req_children=0&hpos=4&hapos=4&sr_order=popularity&srpvid=df5e4e1342a11996&srepoch=1749985576&all_sr_blocks=1321054701_405127620_2_1_0_889923&highlighted_blocks=1321054701_405127620_2_1_0_889923&matching_block_id=1321054701_405127620_2_1_0_889923&sr_pri_blocks=1321054701_405127620_2_1_0_889923_272250&from=searchresults
Munnar Tea Estate Cottage and Resort - Away From City Hustle,Munnar,"₹ 2,990",Good ,7.3,125 reviews,https://www.booking.com/hotel/in/munnar-valley.html?label=gen173nr-1FCAEoggI46AdIM1gEaGyIAQGYATG4ARfIAQzYAQHoAQH4AQKIAgGoAgO4Av7PtcIGwAIB0gIkNGJhYTRjMjAtYjBmOS00NGY5LTk4MzUtNGJmNDM4N2ZhZTcz2AIF4AIB&sid=c6875ebb136d9b44a015abaafe60323b&aid=304142&ucfs=1&arphpl=1&checkin=2025-07-01&checkout=2025-07-02&dest_id=-2105113&dest_type=city&group_adults=2&req_adults=2&no_rooms=1&group_children=0&req_children=0&hpos=5&hapos=5&sr_order=popularity&srpvid=df5e4e1342a11996&srepoch=1749985576&all_sr_blocks=1140753901_402679844_2_1_0&highlighted_blocks=1140753901_402679844_2_1_0&matching_block_id=1140753901_402679844_2_1_0&sr_pri_blocks=1140753901_402679844_2_1_0__299000&from=searchresults
Tea Dale - All rooms with Tea Estate view,Munnar,"₹ 2,200",Excellent ,8.8,300 reviews,https://www.booking.com/hotel/in/hillstation-tours.html?label=gen173nr-1FCAEoggI46AdIM1gEaGyIAQGYATG4ARfIAQzYAQHoAQH4AQKIAgGoAgO4Av7PtcIGwAIB0gIkNGJhYTRjMjAtYjBmOS00NGY5LTk4MzUtNGJmNDM4N2ZhZTcz2AIF4AIB&sid=c6875ebb136d9b44a015abaafe60323b&aid=304142&ucfs=1&arphpl=1&checkin=2025-07-01&checkout=2025-07-02&dest_id=-2105113&dest_type=city&group_adults=2&req_adults=2&no_rooms=1&group_children=0&req_children=0&hpos=6&hapos=6&sr_order=popularity&srpvid=df5e4e1342a11996&srepoch=1749985576&all_sr_blocks=240203004_335371315_2_33_0&highlighted_blocks=240203004_335371315_2_33_0&matching_block_id=240203004_335371315_2_33_0&sr_pri_blocks=240203004_335371315_2_33_0__220000&from=searchresults
Veu Munnar Retreat,Munnar,"₹ 1,760",Review score ,6.6,90 reviews,https://www.booking.com/hotel/in/veu-munnar-retreat.html?label=gen173nr-1FCAEoggI46AdIM1gEaGyIAQGYATG4ARfIAQzYAQHoAQH4AQKIAgGoAgO4Av7PtcIGwAIB0gIkNGJhYTRjMjAtYjBmOS00NGY5LTk4MzUtNGJmNDM4N2ZhZTcz2AIF4AIB&sid=c6875ebb136d9b44a015abaafe60323b&aid=304142&ucfs=1&arphpl=1&checkin=2025-07-01&checkout=2025-07-02&dest_id=-2105113&dest_type=city&group_adults=2&req_adults=2&no_rooms=1&group_children=0&req_children=0&hpos=7&hapos=7&sr_order=popularity&srpvid=df5e4e1342a11996&srepoch=1749985576&all_sr_blocks=1318778206_404595151_2_42_0&highlighted_blocks=1318778206_404595151_2_42_0&matching_block_id=1318778206_404595151_2_42_0&sr_pri_blocks=1318778206_404595151_2_42_0__176000&from=searchresults
Monsoon Grande,Munnar,"₹ 2,244",Very Good ,8.3,501 reviews,https://www.booking.com/hotel/in/monsoon-grande-munnar2.html?label=gen173nr-1FCAEoggI46AdIM1gEaGyIAQGYATG4ARfIAQzYAQHoAQH4AQKIAgGoAgO4Av7PtcIGwAIB0gIkNGJhYTRjMjAtYjBmOS00NGY5LTk4MzUtNGJmNDM4N2ZhZTcz2AIF4AIB&sid=c6875ebb136d9b44a015abaafe60323b&aid=304142&ucfs=1&arphpl=1&checkin=2025-07-01&checkout=2025-07-02&dest_id=-2105113&dest_type=city&group_adults=2&req_adults=2&no_rooms=1&group_children=0&req_children=0&hpos=8&hapos=8&sr_order=popularity&srpvid=df5e4e1342a11996&srepoch=1749985576&all_sr_blocks=117483107_351555933_2_42_0_690154&highlighted_blocks=117483107_351555933_2_42_0_690154&matching_block_id=117483107_351555933_2_42_0_690154&sr_pri_blocks=117483107_351555933_2_42_0_690154_224400&from=searchresults
Edens Munnar,Munnar,"₹ 3,300",Very Good ,8.0,391 reviews,https://www.booking.com/hotel/in/edens-resort.html?label=gen173nr-1FCAEoggI46AdIM1gEaGyIAQGYATG4ARfIAQzYAQHoAQH4AQKIAgGoAgO4Av7PtcIGwAIB0gIkNGJhYTRjMjAtYjBmOS00NGY5LTk4MzUtNGJmNDM4N2ZhZTcz2AIF4AIB&sid=c6875ebb136d9b44a015abaafe60323b&aid=304142&ucfs=1&arphpl=1&checkin=2025-07-01&checkout=2025-07-02&dest_id=-2105113&dest_type=city&group_adults=2&req_adults=2&no_rooms=1&group_children=0&req_children=0&hpos=9&hapos=9&sr_order=popularity&srpvid=df5e4e1342a11996&srepoch=1749985576&all_sr_blocks=710558102_394563822_2_42_0&highlighted_blocks=710558102_394563822_2_42_0&matching_block_id=710558102_394563822_2_42_0&sr_pri_blocks=710558102_394563822_2_42_0__330000&from=searchresults
Elephant Passage,Munnar,"₹ 6,799",Very Good ,8.5,"1,136 reviews",https://www.booking.com/hotel/in/the-elephant-passage.html?label=gen173nr-1FCAEoggI46AdIM1gEaGyIAQGYATG4ARfIAQzYAQHoAQH4AQKIAgGoAgO4Av7PtcIGwAIB0gIkNGJhYTRjMjAtYjBmOS00NGY5LTk4MzUtNGJmNDM4N2ZhZTcz2AIF4AIB&sid=c6875ebb136d9b44a015abaafe60323b&aid=304142&ucfs=1&arphpl=1&checkin=2025-07-01&checkout=2025-07-02&dest_id=-2105113&dest_type=city&group_adults=2&req_adults=2&no_rooms=1&group_children=0&req_children=0&hpos=10&hapos=10&sr_order=popularity&srpvid=df5e4e1342a11996&srepoch=1749985576&all_sr_blocks=786427001_366471034_2_41_0_882022&highlighted_blocks=786427001_366471034_2_41_0_882022&matching_block_id=786427001_366471034_2_41_0_882022&sr_pri_blocks=786427001_366471034_2_41_0_882022_679900&from=searchresults
The Green Regency Anex,Munnar,₹ 600,Good ,7.0,40 reviews,https://www.booking.com/hotel/in/regency-anex.html?label=gen173nr-1FCAEoggI46AdIM1gEaGyIAQGYATG4ARfIAQzYAQHoAQH4AQKIAgGoAgO4Av7PtcIGwAIB0gIkNGJhYTRjMjAtYjBmOS00NGY5LTk4MzUtNGJmNDM4N2ZhZTcz2AIF4AIB&sid=c6875ebb136d9b44a015abaafe60323b&aid=304142&ucfs=1&arphpl=1&checkin=2025-07-01&checkout=2025-07-02&dest_id=-2105113&dest_type=city&group_adults=2&req_adults=2&no_rooms=1&group_children=0&req_children=0&hpos=11&hapos=11&sr_order=popularity&srpvid=df5e4e1342a11996&srepoch=1749985576&all_sr_blocks=1334654408_414699173_2_0_0&highlighted_blocks=1334654408_414699173_2_0_0&matching_block_id=1334654408_414699173_2_0_0&sr_pri_blocks=1334654408_414699173_2_0_0__60000&from=searchresults
Aveda Munnar Mountains and Mist,Munnar,"₹ 5,462",Very Good ,8.2,75 reviews,https://www.booking.com/hotel/in/heartland-hotels-and-resorts-anachal.html?label=gen173nr-1FCAEoggI46AdIM1gEaGyIAQGYATG4ARfIAQzYAQHoAQH4AQKIAgGoAgO4Av7PtcIGwAIB0gIkNGJhYTRjMjAtYjBmOS00NGY5LTk4MzUtNGJmNDM4N2ZhZTcz2AIF4AIB&sid=c6875ebb136d9b44a015abaafe60323b&aid=304142&ucfs=1&arphpl=1&checkin=2025-07-01&checkout=2025-07-02&dest_id=-2105113&dest_type=city&group_adults=2&req_adults=2&no_rooms=1&group_children=0&req_children=0&hpos=12&hapos=12&sr_order=popularity&srpvid=df5e4e1342a11996&srepoch=1749985576&all_sr_blocks=715384201_414478534_2_1_0&highlighted_blocks=715384201_414478534_2_1_0&matching_block_id=715384201_414478534_2_1_0&sr_pri_blocks=715384201_414478534_2_1_0__546163&from=searchresults
Ayursakthi Riverdale,Munnar,"₹ 1,760",Excellent ,8.9,72 reviews,https://www.booking.com/hotel/in/ayursakthi-riverdale-resorts.html?label=gen173nr-1FCAEoggI46AdIM1gEaGyIAQGYATG4ARfIAQzYAQHoAQH4AQKIAgGoAgO4Av7PtcIGwAIB0gIkNGJhYTRjMjAtYjBmOS00NGY5LTk4MzUtNGJmNDM4N2ZhZTcz2AIF4AIB&sid=c6875ebb136d9b44a015abaafe60323b&aid=304142&ucfs=1&arphpl=1&checkin=2025-07-01&checkout=2025-07-02&dest_id=-2105113&dest_type=city&group_adults=2&req_adults=2&no_rooms=1&group_children=0&req_children=0&hpos=13&hapos=13&sr_order=popularity&srpvid=df5e4e1342a11996&srepoch=1749985576&all_sr_blocks=222490704_369505735_2_2_0&highlighted_blocks=222490704_369505735_2_2_0&matching_block_id=222490704_369505735_2_2_0&sr_pri_blocks=222490704_369505735_2_2_0__176000&from=searchresults
"Birdwing Cottage, Munnar",Munnar,"₹ 1,330",Excellent ,8.9,18 reviews,https://www.booking.com/hotel/in/birdwing-cottage-munnar-munnar.html?label=gen173nr-1FCAEoggI46AdIM1gEaGyIAQGYATG4ARfIAQzYAQHoAQH4AQKIAgGoAgO4Av7PtcIGwAIB0gIkNGJhYTRjMjAtYjBmOS00NGY5LTk4MzUtNGJmNDM4N2ZhZTcz2AIF4AIB&sid=c6875ebb136d9b44a015abaafe60323b&aid=304142&ucfs=1&arphpl=1&checkin=2025-07-01&checkout=2025-07-02&dest_id=-2105113&dest_type=city&group_adults=2&req_adults=2&no_rooms=1&group_children=0&req_children=0&hpos=14&hapos=14&sr_order=popularity&srpvid=df5e4e1342a11996&srepoch=1749985576&all_sr_blocks=1283881803_412158785_2_2_0&highlighted_blocks=1283881803_412158785_2_2_0&matching_block_id=1283881803_412158785_2_2_0&sr_pri_blocks=1283881803_412158785_2_2_0__133000&from=searchresults
Moselberg Riverside Cottages,Munnar,"₹ 3,330",Very Good ,8.1,529 reviews,https://www.booking.com/hotel/in/moselberg-riverside-cottages.html?label=gen173nr-1FCAEoggI46AdIM1gEaGyIAQGYATG4ARfIAQzYAQHoAQH4AQKIAgGoAgO4Av7PtcIGwAIB0gIkNGJhYTRjMjAtYjBmOS00NGY5LTk4MzUtNGJmNDM4N2ZhZTcz2AIF4AIB&sid=c6875ebb136d9b44a015abaafe60323b&aid=304142&ucfs=1&arphpl=1&checkin=2025-07-01&checkout=2025-07-02&dest_id=-2105113&dest_type=city&group_adults=2&req_adults=2&no_rooms=1&group_children=0&req_children=0&hpos=15&hapos=15&sr_order=popularity&srpvid=df5e4e1342a11996&srepoch=1749985576&all_sr_blocks=171905903_264190425_2_1_0&highlighted_blocks=171905903_264190425_2_1_0&matching_block_id=171905903_264190425_2_1_0&sr_pri_blocks=171905903_264190425_2_1_0__333000&from=searchresults
Chithirapuram Palace,Munnar,"₹ 3,902",Wonderful ,9.3,200 reviews,https://www.booking.com/hotel/in/chithirapuram-palace.html?label=gen173nr-1FCAEoggI46AdIM1gEaGyIAQGYATG4ARfIAQzYAQHoAQH4AQKIAgGoAgO4Av7PtcIGwAIB0gIkNGJhYTRjMjAtYjBmOS00NGY5LTk4MzUtNGJmNDM4N2ZhZTcz2AIF4AIB&sid=c6875ebb136d9b44a015abaafe60323b&aid=304142&ucfs=1&arphpl=1&checkin=2025-07-01&checkout=2025-07-02&dest_id=-2105113&dest_type=city&group_adults=2&req_adults=2&no_rooms=1&group_children=0&req_children=0&hpos=16&hapos=16&sr_order=popularity&srpvid=df5e4e1342a11996&srepoch=1749985576&all_sr_blocks=112040201_414379499_3_41_0&highlighted_blocks=112040201_414379499_3_41_0&matching_block_id=112040201_414379499_3_41_0&sr_pri_blocks=112040201_414379499_3_41_0__390150&from=searchresults
Pleasant Hill Resort,Munnar,"₹ 2,879",Excellent ,8.6,422 reviews,https://www.booking.com/hotel/in/pleasant-hill-resort.html?label=gen173nr-1FCAEoggI46AdIM1gEaGyIAQGYATG4ARfIAQzYAQHoAQH4AQKIAgGoAgO4Av7PtcIGwAIB0gIkNGJhYTRjMjAtYjBmOS00NGY5LTk4MzUtNGJmNDM4N2ZhZTcz2AIF4AIB&sid=c6875ebb136d9b44a015abaafe60323b&aid=304142&ucfs=1&arphpl=1&checkin=2025-07-01&checkout=2025-07-02&dest_id=-2105113&dest_type=city&group_adults=2&req_adults=2&no_rooms=1&group_children=0&req_children=0&hpos=17&hapos=17&sr_order=popularity&srpvid=df5e4e1342a11996&srepoch=1749985576&all_sr_blocks=624201801_402420681_2_2_0&highlighted_blocks=624201801_402420681_2_2_0&matching_block_id=624201801_402420681_2_2_0&sr_pri_blocks=624201801_402420681_2_2_0__287885&from=searchresults
Blackberry Hills Munnar Nature Resort & Spa,Munnar,"₹ 7,859",Wonderful ,9.2,238 reviews,https://www.booking.com/hotel/in/blackberry-hills-retreat.html?label=gen173nr-1FCAEoggI46AdIM1gEaGyIAQGYATG4ARfIAQzYAQHoAQH4AQKIAgGoAgO4Av7PtcIGwAIB0gIkNGJhYTRjMjAtYjBmOS00NGY5LTk4MzUtNGJmNDM4N2ZhZTcz2AIF4AIB&sid=c6875ebb136d9b44a015abaafe60323b&aid=304142&ucfs=1&arphpl=1&checkin=2025-07-01&checkout=2025-07-02&dest_id=-2105113&dest_type=city&group_adults=2&req_adults=2&no_rooms=1&group_children=0&req_children=0&hpos=18&hapos=18&sr_order=popularity&srpvid=df5e4e1342a11996&srepoch=1749985576&all_sr_blocks=34106805_403680512_2_2_0_710540&highlighted_blocks=34106805_403680512_2_2_0_710540&matching_block_id=34106805_403680512_2_2_0_710540&sr_pri_blocks=34106805_403680512_2_2_0_710540_785880&from=searchresults
Vbrings Oak Village,Munnar,"₹ 5,000",Very Good ,8.4,27 reviews,https://www.booking.com/hotel/in/vbrings-oak-village.html?label=gen173nr-1FCAEoggI46AdIM1gEaGyIAQGYATG4ARfIAQzYAQHoAQH4AQKIAgGoAgO4Av7PtcIGwAIB0gIkNGJhYTRjMjAtYjBmOS00NGY5LTk4MzUtNGJmNDM4N2ZhZTcz2AIF4AIB&sid=c6875ebb136d9b44a015abaafe60323b&aid=304142&ucfs=1&arphpl=1&checkin=2025-07-01&checkout=2025-07-02&dest_id=-2105113&dest_type=city&group_adults=2&req_adults=2&no_rooms=1&group_children=0&req_children=0&hpos=19&hapos=19&sr_order=popularity&srpvid=df5e4e1342a11996&srepoch=1749985576&all_sr_blocks=1326843601_411883121_2_42_0&highlighted_blocks=1326843601_411883121_2_42_0&matching_block_id=1326843601_411883121_2_42_0&sr_pri_blocks=1326843601_411883121_2_42_0__500000&from=searchresults
"The Raarees Mist Resort, Munnar - Nested in Nature's Lap",Munnar,"₹ 3,999",Good ,7.3,29 reviews,https://www.booking.com/hotel/in/kambli-estate.html?label=gen173nr-1FCAEoggI46AdIM1gEaGyIAQGYATG4ARfIAQzYAQHoAQH4AQKIAgGoAgO4Av7PtcIGwAIB0gIkNGJhYTRjMjAtYjBmOS00NGY5LTk4MzUtNGJmNDM4N2ZhZTcz2AIF4AIB&sid=c6875ebb136d9b44a015abaafe60323b&aid=304142&ucfs=1&arphpl=1&checkin=2025-07-01&checkout=2025-07-02&dest_id=-2105113&dest_type=city&group_adults=2&req_adults=2&no_rooms=1&group_children=0&req_children=0&hpos=20&hapos=20&sr_order=popularity&srpvid=df5e4e1342a11996&srepoch=1749985576&all_sr_blocks=1338298001_407319485_2_1_0&highlighted_blocks=1338298001_407319485_2_1_0&matching_block_id=1338298001_407319485_2_1_0&sr_pri_blocks=1338298001_407319485_2_1_0__399900&from=searchresults
Le Montfort Resort,Munnar,"₹ 9,500",Wonderful ,9.0,127 reviews,https://www.booking.com/hotel/in/le-montfort-resort.html?label=gen173nr-1FCAEoggI46AdIM1gEaGyIAQGYATG4ARfIAQzYAQHoAQH4AQKIAgGoAgO4Av7PtcIGwAIB0gIkNGJhYTRjMjAtYjBmOS00NGY5LTk4MzUtNGJmNDM4N2ZhZTcz2AIF4AIB&sid=c6875ebb136d9b44a015abaafe60323b&aid=304142&ucfs=1&arphpl=1&checkin=2025-07-01&checkout=2025-07-02&dest_id=-2105113&dest_type=city&group_adults=2&req_adults=2&no_rooms=1&group_children=0&req_children=0&hpos=21&hapos=21&sr_order=popularity&srpvid=df5e4e1342a11996&srepoch=1749985576&all_sr_blocks=1254775101_412101981_2_1_0_1105471&highlighted_blocks=1254775101_412101981_2_1_0_1105471&matching_block_id=1254775101_412101981_2_1_0_1105471&sr_pri_blocks=1254775101_412101981_2_1_0_1105471_950000&from=searchresults
Viceroy Luxury Mountain Resort and Spa,Munnar,"₹ 6,500",Very Good ,8.5,282 reviews,https://www.booking.com/hotel/in/viceroy-luxury-mountain-resort-amp-spa.html?label=gen173nr-1FCAEoggI46AdIM1gEaGyIAQGYATG4ARfIAQzYAQHoAQH4AQKIAgGoAgO4Av7PtcIGwAIB0gIkNGJhYTRjMjAtYjBmOS00NGY5LTk4MzUtNGJmNDM4N2ZhZTcz2AIF4AIB&sid=c6875ebb136d9b44a015abaafe60323b&aid=304142&ucfs=1&arphpl=1&checkin=2025-07-01&checkout=2025-07-02&dest_id=-2105113&dest_type=city&group_adults=2&req_adults=2&no_rooms=1&group_children=0&req_children=0&hpos=22&hapos=22&sr_order=popularity&srpvid=df5e4e1342a11996&srepoch=1749985576&all_sr_blocks=1074443410_411105385_2_41_0_819476&highlighted_blocks=1074443410_411105385_2_41_0_819476&matching_block_id=1074443410_411105385_2_41_0_819476&sr_pri_blocks=1074443410_411105385_2_41_0_819476_650000&from=searchresults
Chandys Windy Woods Munnar,Munnar,"₹ 10,000",Wonderful ,9.1,344 reviews,https://www.booking.com/hotel/in/chandys-windy-woods-munnar.html?label=gen173nr-1FCAEoggI46AdIM1gEaGyIAQGYATG4ARfIAQzYAQHoAQH4AQKIAgGoAgO4Av7PtcIGwAIB0gIkNGJhYTRjMjAtYjBmOS00NGY5LTk4MzUtNGJmNDM4N2ZhZTcz2AIF4AIB&sid=c6875ebb136d9b44a015abaafe60323b&aid=304142&ucfs=1&arphpl=1&checkin=2025-07-01&checkout=2025-07-02&dest_id=-2105113&dest_type=city&group_adults=2&req_adults=2&no_rooms=1&group_children=0&req_children=0&hpos=23&hapos=23&sr_order=popularity&srpvid=df5e4e1342a11996&srepoch=1749985576&all_sr_blocks=120142807_363913529_2_41_0_683805&highlighted_blocks=120142807_363913529_2_41_0_683805&matching_block_id=120142807_363913529_2_41_0_683805&sr_pri_blocks=120142807_363913529_2_41_0_683805_1000000&from=searchresults
Issacs Residency,Munnar,"₹ 3,600",Very Good ,8.2,704 reviews,https://www.booking.com/hotel/in/issacs-residency.html?label=gen173nr-1FCAEoggI46AdIM1gEaGyIAQGYATG4ARfIAQzYAQHoAQH4AQKIAgGoAgO4Av7PtcIGwAIB0gIkNGJhYTRjMjAtYjBmOS00NGY5LTk4MzUtNGJmNDM4N2ZhZTcz2AIF4AIB&sid=c6875ebb136d9b44a015abaafe60323b&aid=304142&ucfs=1&arphpl=1&checkin=2025-07-01&checkout=2025-07-02&dest_id=-2105113&dest_type=city&group_adults=2&req_adults=2&no_rooms=1&group_children=0&req_children=0&hpos=24&hapos=24&sr_order=popularity&srpvid=df5e4e1342a11996&srepoch=1749985576&all_sr_blocks=232019802_380768345_2_42_0&highlighted_blocks=232019802_380768345_2_42_0&matching_block_id=232019802_380768345_2_42_0&sr_pri_blocks=232019802_380768345_2_42_0__360000&from=searchresults
The Hosteller Munnar,Munnar,"₹ 2,559",Very Good ,8.1,541 reviews,https://www.booking.com/hotel/in/the-hosteller-munnar.html?label=gen173nr-1FCAEoggI46AdIM1gEaGyIAQGYATG4ARfIAQzYAQHoAQH4AQKIAgGoAgO4Av7PtcIGwAIB0gIkNGJhYTRjMjAtYjBmOS00NGY5LTk4MzUtNGJmNDM4N2ZhZTcz2AIF4AIB&sid=c6875ebb136d9b44a015abaafe60323b&aid=304142&ucfs=1&arphpl=1&checkin=2025-07-01&checkout=2025-07-02&dest_id=-2105113&dest_type=city&group_adults=2&req_adults=2&no_rooms=1&group_children=0&req_children=0&hpos=25&hapos=25&sr_order=popularity&srpvid=df5e4e1342a11996&srepoch=1749985576&all_sr_blocks=903475904_391446507_2_0_0_466178&highlighted_blocks=903475904_391446507_2_0_0_466178&matching_block_id=903475904_391446507_2_0_0_466178&sr_pri_blocks=903475904_391446507_2_0_0_466178_255918&from=searchresults
